sample_id,batch_name,product_fine,split_group,d_RJD_input,d_YJD_input,margin_YminusR_input,input_nn_pred,input_correct
B06_0072_125030712,20250310,YJD,train,1.031517744064331,0.9207669496536255,-0.11075079441070557,YJD,True
B06_0073_125030714,20250310,YJD,train,0.9033491015434265,0.7360541820526123,-0.1672949194908142,YJD,True
B06_0085_125031001,20250310,YJD,train,0.9262843132019043,0.666082501411438,-0.2602018117904663,YJD,True
B06_0086_125031004,20250310,YJD,train,0.9307143092155457,0.6870908141136169,-0.2436234951019287,YJD,True
B06_0093_125031107,20250310,YJD,train,0.9352808594703674,0.7072791457176208,-0.22800171375274658,YJD,True
B07_0112_125031203,20250317,YJD,train,1.0395762920379639,0.9440118074417114,-0.09556448459625244,YJD,True
B07_0113_525031201,20250317,YJD,train,1.045449137687683,0.9478054642677307,-0.09764367341995239,YJD,True
B07_0126_125031304,20250317,YJD,train,1.0520039796829224,0.9572692513465881,-0.09473472833633423,YJD,True
B07_0127_125031307,20250317,YJD,train,1.049013614654541,0.9511341452598572,-0.09787946939468384,YJD,True
B07_0140_125031401,20250317,YJD,train,1.06157386302948,0.970441997051239,-0.09113186597824097,YJD,True
B07_0141_125031407,20250317,YJD,train,1.0582349300384521,0.9698400497436523,-0.0883948802947998,YJD,True
B07_0142_125031410,20250317,YJD,train,1.0584150552749634,0.9638919830322266,-0.09452307224273682,YJD,True
B07_0195_125031701,20250317,YJD,train,0.9176831841468811,0.643392026424408,-0.27429115772247314,YJD,True
B08_0218_125031901,20250326,YJD,train,0.9153360724449158,0.6143581867218018,-0.300977885723114,YJD,True
B08_0219_125031904,20250326,YJD,train,0.9136804342269897,0.6137728095054626,-0.2999076247215271,YJD,True
B08_0230_125032001,20250326,YJD,train,0.9125737547874451,0.6168659329414368,-0.2957078218460083,YJD,True
B08_0231_125032004,20250326,YJD,train,0.9166975021362305,0.6112063527107239,-0.3054911494255066,YJD,True
B08_0258_125032401,20250326,YJD,train,0.9163740277290344,0.5994688272476196,-0.3169052004814148,YJD,True
B09_0272_125032501,20250331,YJD,train,0.93599534034729,0.6010906100273132,-0.3349047303199768,YJD,True
B09_0273_125032504,20250331,YJD,train,0.9356929063796997,0.6042239665985107,-0.33146893978118896,YJD,True
B09_0274_125032508,20250331,YJD,train,0.9380737543106079,0.6047401428222656,-0.3333336114883423,YJD,True
B09_0275_125032511,20250331,YJD,train,0.9346551895141602,0.6005522012710571,-0.334102988243103,YJD,True
B10_0296_125040201,20250411,YJD,train,0.9219781756401062,0.5819146037101746,-0.34006357192993164,YJD,True
B10_0297_125040202,20250411,YJD,train,0.9133701920509338,0.5693812370300293,-0.34398895502090454,YJD,True
B10_0298_125040205,20250411,YJD,train,0.9126183390617371,0.577745795249939,-0.3348725438117981,YJD,True
B10_0299_125040208,20250411,YJD,train,0.9088742733001709,0.5655049681663513,-0.3433693051338196,YJD,True
B10_0300_125040211,20250411,YJD,train,0.9151385426521301,0.5693771839141846,-0.34576135873794556,YJD,True
B10_0311_125040301,20250411,YJD,train,0.915110170841217,0.5672394633293152,-0.34787070751190186,YJD,True
B10_0312_125040304,20250411,YJD,train,0.912831723690033,0.5591370463371277,-0.3536946773529053,YJD,True
B10_0313_125040307,20250411,YJD,train,0.9118830561637878,0.5732423663139343,-0.3386406898498535,YJD,True
B10_0314_125040308,20250411,YJD,train,0.9089632630348206,0.5677845478057861,-0.3411787152290344,YJD,True
B10_0315_125040311,20250411,YJD,train,0.9088940024375916,0.5631425976753235,-0.34575140476226807,YJD,True
B10_0316_125040314,20250411,YJD,train,0.9061340689659119,0.5609959959983826,-0.3451380729675293,YJD,True
B10_0317_125040315,20250411,YJD,train,0.9083237051963806,0.5505029559135437,-0.3578207492828369,YJD,True
B10_0331_125040801,20250411,YJD,train,0.912041962146759,0.5579849481582642,-0.3540570139884949,YJD,True
B10_0332_125040802,20250411,YJD,train,0.9160239696502686,0.5656715035438538,-0.3503524661064148,YJD,True
B10_0333_125040805,20250411,YJD,train,0.9076029658317566,0.547855019569397,-0.3597479462623596,YJD,True
B10_0334_125040808,20250411,YJD,train,0.9087958335876465,0.5566839575767517,-0.3521118760108948,YJD,True
B10_0346_125040902,20250411,YJD,train,0.9107640981674194,0.5535579919815063,-0.3572061061859131,YJD,True
B10_0347_125040904,20250411,YJD,train,0.9112229347229004,0.5566952228546143,-0.35452771186828613,YJD,True
B10_0348_125040907,20250411,YJD,train,0.9150654673576355,0.5604004263877869,-0.35466504096984863,YJD,True
B10_0349_125040908,20250411,YJD,train,0.9045780301094055,0.5404964685440063,-0.36408156156539917,YJD,True
B10_0361_125041001,20250411,YJD,train,0.90531325340271,0.5520213842391968,-0.3532918691635132,YJD,True
B10_0362_125041003,20250411,YJD,train,0.9098345637321472,0.5478275418281555,-0.3620070219039917,YJD,True
B10_0363_125041006,20250411,YJD,train,0.9109387993812561,0.5518975257873535,-0.3590412735939026,YJD,True
B10_0364_125041009,20250411,YJD,train,0.9060482382774353,0.5511235594749451,-0.35492467880249023,YJD,True
B11_0387_125041101,20250417,YJD,train,0.8966630697250366,0.5486120581626892,-0.3480510115623474,YJD,True
B11_0388_125041104,20250417,YJD,train,0.8912520408630371,0.5328872799873352,-0.3583647608757019,YJD,True
B11_0389_125041107,20250417,YJD,train,0.8933002948760986,0.5417048335075378,-0.3515954613685608,YJD,True
B11_0390_125041110,20250417,YJD,train,0.8938601613044739,0.5410067439079285,-0.3528534173965454,YJD,True
B11_0391_125041113,20250417,YJD,train,0.893035888671875,0.5436218976974487,-0.34941399097442627,YJD,True
B11_0405_125041401,20250417,YJD,train,0.8929480910301208,0.5499395132064819,-0.3430085778236389,YJD,True
B11_0406_125041404,20250417,YJD,train,0.8892198204994202,0.5408948063850403,-0.3483250141143799,YJD,True
B11_0417_125041503,20250417,YJD,train,0.8956618309020996,0.5529304146766663,-0.34273141622543335,YJD,True
B11_0418_125041507,20250417,YJD,train,0.8791338205337524,0.5150379538536072,-0.36409586668014526,YJD,True
B11_0419_125041511,20250417,YJD,train,0.878313422203064,0.5195645093917847,-0.3587489128112793,YJD,True
B11_0430_125041601,20250417,YJD,train,0.8867610096931458,0.5281444191932678,-0.35861659049987793,YJD,True
B11_0431_125041604,20250417,YJD,train,0.8894797563552856,0.5337687134742737,-0.35571104288101196,YJD,True
B11_0432_125041607,20250417,YJD,train,0.888329029083252,0.5382456183433533,-0.3500834107398987,YJD,True
B11_0445_125041701,20250417,YJD,train,0.893110990524292,0.5240441560745239,-0.36906683444976807,YJD,True
B11_0446_125041703,20250417,YJD,train,0.8917065858840942,0.5262579321861267,-0.36544865369796753,YJD,True
B11_0447_125041706,20250417,YJD,train,0.8951466083526611,0.5264537930488586,-0.3686928153038025,YJD,True
B11_0448_125041709,20250417,YJD,train,0.8933183550834656,0.5266082882881165,-0.3667100667953491,YJD,True
B12_0473_125041801,20250423,YJD,train,0.9238651394844055,0.6544851660728455,-0.26937997341156006,YJD,True
B12_0474_125041802,20250423,YJD,train,0.9205790162086487,0.6374974250793457,-0.283081591129303,YJD,True
B12_0475_125041803,20250423,YJD,train,0.924429714679718,0.644488513469696,-0.279941201210022,YJD,True
B12_0476_125041805,20250423,YJD,train,0.9130080938339233,0.6460505723953247,-0.26695752143859863,YJD,True
B12_0477_125042101,20250423,YJD,train,0.9289323091506958,0.6604848504066467,-0.2684474587440491,YJD,True
B12_0478_125042102,20250423,YJD,train,0.9173899292945862,0.6609736084938049,-0.25641632080078125,YJD,True
B12_0479_125042103,20250423,YJD,train,0.9246584177017212,0.6674068570137024,-0.2572515606880188,YJD,True
B12_0480_125042104,20250423,YJD,train,0.9313438534736633,0.6736792325973511,-0.25766462087631226,YJD,True
B13_0499_125050503,20250516,YJD,train,0.9054981470108032,0.5355756282806396,-0.3699225187301636,YJD,True
B13_0500_125050506,20250516,YJD,train,0.899489164352417,0.5268194079399109,-0.3726697564125061,YJD,True
B13_0501_125050509,20250516,YJD,train,0.899517297744751,0.5232726335525513,-0.3762446641921997,YJD,True
B13_0502_125050518,20250516,YJD,train,0.9025662541389465,0.5257963538169861,-0.37676990032196045,YJD,True
B13_0503_125050521,20250516,YJD,train,0.9070277810096741,0.5324937105178833,-0.37453407049179077,YJD,True
B13_0517_125050601,20250516,YJD,train,0.8964635729789734,0.5215607285499573,-0.3749028444290161,YJD,True
B13_0518_125050604,20250516,YJD,train,0.8925161361694336,0.5158401727676392,-0.37667596340179443,YJD,True
B13_0519_125050610,20250516,YJD,train,0.9013460278511047,0.5236462950706482,-0.37769973278045654,YJD,True
B13_0520_125050612,20250516,YJD,train,0.8939542174339294,0.5164943337440491,-0.37745988368988037,YJD,True
B13_0521_125050614,20250516,YJD,train,0.8891363143920898,0.5103750228881836,-0.37876129150390625,YJD,True
B13_0522_125050617,20250516,YJD,train,0.8968514204025269,0.5166909098625183,-0.38016051054000854,YJD,True
B13_0537_125050703,20250516,YJD,train,0.9335067272186279,0.6615332961082458,-0.2719734311103821,YJD,True
B13_0538_125050708,20250516,YJD,train,0.8965497016906738,0.5202797651290894,-0.3762699365615845,YJD,True
B13_0552_125050803,20250516,YJD,train,0.8892629146575928,0.5111331343650818,-0.378129780292511,YJD,True
B13_0553_125050810,20250516,YJD,train,0.8875313401222229,0.5069170594215393,-0.3806142807006836,YJD,True
B13_0554_125050813,20250516,YJD,train,0.8913392424583435,0.5093073844909668,-0.3820318579673767,YJD,True
B13_0555_125050817,20250516,YJD,train,0.8843593597412109,0.5052657723426819,-0.37909358739852905,YJD,True
B13_0569_125050903,20250516,YJD,train,0.8864202499389648,0.5043329000473022,-0.3820873498916626,YJD,True
B13_0570_125050906,20250516,YJD,train,0.8857924938201904,0.5045349597930908,-0.3812575340270996,YJD,True
B13_0571_125050909,20250516,YJD,train,0.8865403532981873,0.5044984221458435,-0.38204193115234375,YJD,True
B13_0572_125050912,20250516,YJD,train,0.8738389015197754,0.4959256947040558,-0.3779132068157196,YJD,True
B14_0573_125050915,20250519,YJD,train,0.8907427787780762,0.5276035070419312,-0.363139271736145,YJD,True
B14_0587_125051201,20250519,YJD,train,0.8809906244277954,0.49757397174835205,-0.38341665267944336,YJD,True
B14_0588_125051204,20250519,YJD,train,0.8780727386474609,0.4952812194824219,-0.38279151916503906,YJD,True
B14_0600_125051303,20250519,YJD,train,0.8720782399177551,0.49225810170173645,-0.3798201382160187,YJD,True
B14_0601_125051307,20250519,YJD,train,0.8676196336746216,0.49117597937583923,-0.37644365429878235,YJD,True
B14_0602_A25051312,20250519,YJD,train,0.874519407749176,0.49269646406173706,-0.38182294368743896,YJD,True
B14_0614_125051401,20250519,YJD,train,0.8659780025482178,0.49139246344566345,-0.3745855391025543,YJD,True
B14_0615_125051404,20250519,YJD,train,0.870011031627655,0.4919111430644989,-0.37809988856315613,YJD,True
B14_0616_125051407,20250519,YJD,train,0.8683094382286072,0.4850073456764221,-0.38330209255218506,YJD,True
B14_0617_125051410,20250519,YJD,train,0.878569483757019,0.4965263605117798,-0.38204312324523926,YJD,True
B14_0618_125051413,20250519,YJD,train,0.870673656463623,0.4881744682788849,-0.38249918818473816,YJD,True
B14_0629_125051501,20250519,YJD,train,0.854684054851532,0.481914222240448,-0.372769832611084,YJD,True
B14_0630_125051504,20250519,YJD,train,0.8682857155799866,0.4869285523891449,-0.3813571631908417,YJD,True
B14_0631_125051510,20250519,YJD,train,0.8654345870018005,0.48805397748947144,-0.3773806095123291,YJD,True
B14_0632_125051513,20250519,YJD,train,0.8695387244224548,0.4877207577228546,-0.3818179666996002,YJD,True
B14_0640_125051606,20250519,YJD,train,0.8664349317550659,0.4843597710132599,-0.38207516074180603,YJD,True
B14_0641_125051609,20250519,YJD,train,0.8729990720748901,0.49015897512435913,-0.382840096950531,YJD,True
B14_0642_125051603,20250519,YJD,train,0.8715806603431702,0.48830080032348633,-0.38327986001968384,YJD,True
B14_0652_125051903,20250519,YJD,train,0.8591766953468323,0.48002877831459045,-0.3791479170322418,YJD,True
B14_0653_125051906,20250519,YJD,train,0.8627852201461792,0.48195499181747437,-0.38083022832870483,YJD,True
B15_0663_125052001,20250527,YJD,train,0.8490919470787048,0.4781343936920166,-0.37095755338668823,YJD,True
B15_0664_125052002,20250527,YJD,train,0.8480513095855713,0.48062172532081604,-0.36742958426475525,YJD,True
B15_0665_125052006,20250527,YJD,train,0.8532660007476807,0.483043909072876,-0.3702220916748047,YJD,True
B15_0666_125052009,20250527,YJD,train,0.8426917791366577,0.47909843921661377,-0.36359333992004395,YJD,True
B15_0676_125052104,20250527,YJD,train,0.8780971765518188,0.5972782969474792,-0.2808188796043396,YJD,True
B15_0677_525052101,20250527,YJD,train,0.8471592664718628,0.4727984070777893,-0.3743608593940735,YJD,True
B15_0690_125052209,20250527,YJD,train,0.8451284766197205,0.47644108533859253,-0.36868739128112793,YJD,True
B15_0691_125052212,20250527,YJD,train,0.8454856872558594,0.4763658940792084,-0.369119793176651,YJD,True
B15_0692_125052213,20250527,YJD,train,0.8495016098022461,0.4795730710029602,-0.3699285387992859,YJD,True
B16_0697_125052302,20250606,YJD,train,0.8508270382881165,0.477125883102417,-0.37370115518569946,YJD,True
B16_0698_125052304,20250606,YJD,train,0.8512696027755737,0.4776253402233124,-0.37364426255226135,YJD,True
B16_0699_125052306,20250606,YJD,train,0.8316249251365662,0.49752575159072876,-0.3340991735458374,YJD,True
B16_0700_125052308,20250606,YJD,train,0.8345429301261902,0.49355360865592957,-0.3409893214702606,YJD,True
B16_0717_125060201,20250606,YJD,train,0.8446853756904602,0.47470927238464355,-0.36997610330581665,YJD,True
B16_0718_125060204,20250606,YJD,train,0.847577691078186,0.473504900932312,-0.374072790145874,YJD,True
B16_0719_125060207,20250606,YJD,train,0.8526507019996643,0.4794895350933075,-0.3731611669063568,YJD,True
B16_0720_125060210,20250606,YJD,train,0.83474200963974,0.4703175127506256,-0.3644244968891144,YJD,True
B16_0721_125060213,20250606,YJD,train,0.8434735536575317,0.4818933308124542,-0.3615802228450775,YJD,True
B16_0734_125060301,20250606,YJD,train,0.8402730822563171,0.4731515347957611,-0.36712154746055603,YJD,True
B16_0735_125060302,20250606,YJD,train,0.842365562915802,0.4750319719314575,-0.3673335909843445,YJD,True
B16_0736_125060303,20250606,YJD,train,0.8391258716583252,0.47302165627479553,-0.36610421538352966,YJD,True
B16_0737_125060307,20250606,YJD,train,0.845177412033081,0.4734417200088501,-0.37173569202423096,YJD,True
B16_0752_125060401,20250606,YJD,train,0.8357025980949402,0.47626885771751404,-0.35943374037742615,YJD,True
B16_0753_125060403,20250606,YJD,train,0.8343193531036377,0.46908658742904663,-0.36523276567459106,YJD,True
B16_0754_125060409,20250606,YJD,train,0.8340246081352234,0.4709329605102539,-0.3630916476249695,YJD,True
B16_0755_125060412,20250606,YJD,train,0.8306474685668945,0.4726185202598572,-0.35802894830703735,YJD,True
B16_0769_125060503,20250606,YJD,train,0.8314443826675415,0.47317826747894287,-0.35826611518859863,YJD,True
B16_0770_125060506,20250606,YJD,train,0.8323712944984436,0.4715849459171295,-0.3607863485813141,YJD,True
B16_0771_125060509,20250606,YJD,train,0.8344327807426453,0.47196757793426514,-0.3624652028083801,YJD,True
B16_0772_125060512,20250606,YJD,train,0.8350924253463745,0.47432005405426025,-0.36077237129211426,YJD,True
B16_0786_125060601,20250606,YJD,train,0.8283801078796387,0.47285303473472595,-0.3555270731449127,YJD,True
B16_0787_125060604,20250606,YJD,train,0.8234193325042725,0.47145864367485046,-0.351960688829422,YJD,True
B16_0788_125060611,20250606,YJD,train,0.8213967680931091,0.4687085747718811,-0.352688193321228,YJD,True
B16_0789_125060614,20250606,YJD,train,0.8190029263496399,0.4682396948337555,-0.3507632315158844,YJD,True
B17_0800_125060903,20250619,YJD,train,0.8379659652709961,0.4821162521839142,-0.3558497130870819,YJD,True
B17_0811_125061002,20250619,YJD,train,0.8317390084266663,0.47819066047668457,-0.3535483479499817,YJD,True
B17_0812_125061005,20250619,YJD,train,0.8283625245094299,0.48456811904907227,-0.34379440546035767,YJD,True
B17_0813_125061008,20250619,YJD,train,0.8248482346534729,0.4794989824295044,-0.3453492522239685,YJD,True
B17_0814_125061011,20250619,YJD,train,0.8271247744560242,0.47962093353271484,-0.3475038409233093,YJD,True
B17_0827_125061101,20250619,YJD,train,0.8204883933067322,0.4735185503959656,-0.3469698429107666,YJD,True
B17_0828_125061104,20250619,YJD,train,0.8283471465110779,0.4788304567337036,-0.34951668977737427,YJD,True
B17_0829_125061107,20250619,YJD,train,0.8222521543502808,0.4743814766407013,-0.34787067770957947,YJD,True
B17_0830_125061111,20250619,YJD,train,0.8239885568618774,0.4744553565979004,-0.34953320026397705,YJD,True
B17_0845_125061202,20250619,YJD,train,0.8147208094596863,0.4716893434524536,-0.34303146600723267,YJD,True
B17_0846_125061205,20250619,YJD,train,0.8014414310455322,0.48038893938064575,-0.3210524916648865,YJD,True
B17_0847_125061208,20250619,YJD,train,0.823666512966156,0.47736433148384094,-0.34630218148231506,YJD,True
B17_0860_125061301,20250619,YJD,train,0.8113966584205627,0.47575643658638,-0.33564022183418274,YJD,True
B17_0861_125061303,20250619,YJD,train,0.8187505602836609,0.4791604280471802,-0.3395901322364807,YJD,True
B17_0862_125061306,20250619,YJD,train,0.8100228905677795,0.48071005940437317,-0.32931283116340637,YJD,True
B17_0863_125061310,20250619,YJD,train,0.8143578767776489,0.47355079650878906,-0.34080708026885986,YJD,True
B17_0875_125061601,20250619,YJD,train,0.8078542947769165,0.476656973361969,-0.3311973214149475,YJD,True
B17_0876_125061604,20250619,YJD,train,0.8090562224388123,0.4747898280620575,-0.33426639437675476,YJD,True
B18_0889_125061704,20250624,YJD,train,0.7906099557876587,0.4898777902126312,-0.30073216557502747,YJD,True
B18_0890_125061707,20250624,YJD,train,0.8061527609825134,0.47854140400886536,-0.32761135697364807,YJD,True
B18_0901_125061801,20250624,YJD,train,0.7984785437583923,0.47837284207344055,-0.3201057016849518,YJD,True
B18_0902_125061804,20250624,YJD,train,0.7978894114494324,0.4805067777633667,-0.3173826336860657,YJD,True
B18_0911_125061901,20250624,YJD,train,0.7993680238723755,0.4809645116329193,-0.3184035122394562,YJD,True
B18_0912_125061904,20250624,YJD,train,0.7946085929870605,0.48344141244888306,-0.3111671805381775,YJD,True
B18_0920_125062001,20250624,YJD,train,0.790264904499054,0.4823698103427887,-0.30789509415626526,YJD,True
B18_0921_125062004,20250624,YJD,train,0.7871676683425903,0.47990572452545166,-0.30726194381713867,YJD,True
B18_0928_125062301,20250624,YJD,train,0.7908417582511902,0.4892429709434509,-0.30159878730773926,YJD,True
B18_0929_125062304,20250624,YJD,train,0.7716408371925354,0.49985840916633606,-0.27178242802619934,YJD,True
B18_0939_125062402,20250624,YJD,train,0.7858499884605408,0.491791695356369,-0.29405829310417175,YJD,True
B18_0940_125062405,20250624,YJD,train,0.7882437705993652,0.48823004961013794,-0.3000137209892273,YJD,True
B19_1000_125070201,20250724,YJD,train,0.7691190838813782,0.5046685934066772,-0.2644504904747009,YJD,True
B19_1001_125070204,20250724,YJD,train,0.7611038684844971,0.5025898814201355,-0.2585139870643616,YJD,True
B19_1002_125070207,20250724,YJD,train,0.76253741979599,0.4958195090293884,-0.26671791076660156,YJD,True
B19_1003_125070210,20250724,YJD,train,0.748566746711731,0.5120503306388855,-0.23651641607284546,YJD,True
B19_1017_125070301,20250724,YJD,train,0.7484979629516602,0.5212907791137695,-0.22720718383789062,YJD,True
B19_1018_125070304,20250724,YJD,train,0.7650631070137024,0.5040196180343628,-0.2610434889793396,YJD,True
B19_1032_125070401,20250724,YJD,train,0.7480702996253967,0.5313003063201904,-0.2167699933052063,YJD,True
B19_1033_125070404,20250724,YJD,train,0.7429044246673584,0.5296510457992554,-0.21325337886810303,YJD,True
B19_1034_125070410,20250724,YJD,train,0.7581673264503479,0.5082278251647949,-0.24993950128555298,YJD,True
B19_1047_125070501,20250724,YJD,train,0.7486880421638489,0.534707248210907,-0.2139807939529419,YJD,True
B19_1048_125070504,20250724,YJD,train,0.7602061033248901,0.5502608418464661,-0.20994526147842407,YJD,True
B19_1049_125070512,20250724,YJD,train,0.7494018077850342,0.5110481977462769,-0.23835361003875732,YJD,True
B19_1050_125070514,20250724,YJD,train,0.7479841709136963,0.5181568264961243,-0.22982734441757202,YJD,True
B19_1064_125070701,20250724,YJD,train,0.7400662899017334,0.5215608477592468,-0.21850544214248657,YJD,True
B19_1065_125070703,20250724,YJD,train,0.7446566820144653,0.5203346610069275,-0.22432202100753784,YJD,True
B19_1077_125070802,20250724,YJD,train,0.7429362535476685,0.5248614549636841,-0.21807479858398438,YJD,True
B19_1078_125070805,20250724,YJD,train,0.730421245098114,0.5402696132659912,-0.1901516318321228,YJD,True
B19_1079_125070808,20250724,YJD,train,0.742823600769043,0.517752468585968,-0.22507113218307495,YJD,True
B19_1080_125070811,20250724,YJD,train,0.7362630367279053,0.5196991562843323,-0.216563880443573,YJD,True
B19_1095_125070901,20250724,YJD,train,0.7351434826850891,0.5264876484870911,-0.20865583419799805,YJD,True
B19_1096_125070904,20250724,YJD,train,0.7382429242134094,0.5326008796691895,-0.20564204454421997,YJD,True
B19_1097_125070909,20250724,YJD,train,0.7401641011238098,0.5259281396865845,-0.21423596143722534,YJD,True
B19_1112_125071001,20250724,YJD,train,0.7331172823905945,0.5275020003318787,-0.20561528205871582,YJD,True
B19_1113_125071004,20250724,YJD,train,0.7113609910011292,0.5515155792236328,-0.15984541177749634,YJD,True
B19_1128_125071101,20250724,YJD,train,0.7239450216293335,0.5307410955429077,-0.19320392608642578,YJD,True
B19_1129_125071104,20250724,YJD,train,0.7075663805007935,0.5563148260116577,-0.15125155448913574,YJD,True
B19_1144_125071201,20250724,YJD,train,0.7023171782493591,0.5633129477500916,-0.13900423049926758,YJD,True
B19_1145_125071204,20250724,YJD,train,0.7203999757766724,0.5437303781509399,-0.17666959762573242,YJD,True
B19_1146_125071211,20250724,YJD,train,0.7032106518745422,0.5562782883644104,-0.14693236351013184,YJD,True
B19_1147_125071213,20250724,YJD,train,0.7155701518058777,0.5461548566818237,-0.16941529512405396,YJD,True
B19_1228_125071805,20250724,YJD,train,0.7012031674385071,0.5769439935684204,-0.12425917387008667,YJD,True
B19_1229_125071808,20250724,YJD,train,0.7001269459724426,0.5618372559547424,-0.1382896900177002,YJD,True
B19_1243_125071903,20250724,YJD,train,0.6988725662231445,0.5640623569488525,-0.134810209274292,YJD,True
B19_1244_125071906,20250724,YJD,train,0.6854739785194397,0.5903499722480774,-0.0951240062713623,YJD,True
B19_1245_125071909,20250724,YJD,train,0.6990326046943665,0.5752760767936707,-0.1237565279006958,YJD,True
B19_1271_125072211,20250724,YJD,train,0.6782214045524597,0.5958721041679382,-0.08234930038452148,YJD,True
B19_1286_125072302,20250724,YJD,train,0.6646060347557068,0.6115942597389221,-0.05301177501678467,YJD,True
B19_1300_125072410,20250724,YJD,train,0.6681713461875916,0.5995240211486816,-0.06864732503890991,YJD,True
B19_1301_125072413,20250724,YJD,train,0.6732362508773804,0.5916150212287903,-0.08162122964859009,YJD,True
B19_0945_125062503,20250724,YJD,train,0.779058575630188,0.5063416957855225,-0.2727168798446655,YJD,True
B19_0946_125062505,20250724,YJD,train,0.780982494354248,0.5106902122497559,-0.2702922821044922,YJD,True
B19_0962_125062608,20250724,YJD,train,0.7746046185493469,0.4975133538246155,-0.27709126472473145,YJD,True
B19_0963_125062609,20250724,YJD,train,0.7772275805473328,0.4991981089115143,-0.2780294716358185,YJD,True
B19_0964_125062617,20250724,YJD,train,0.7746379971504211,0.5005353689193726,-0.2741026282310486,YJD,True
B19_0976_125062701,20250724,YJD,train,0.7722356915473938,0.49806439876556396,-0.27417129278182983,YJD,True
B19_0977_125062704,20250724,YJD,train,0.7745167016983032,0.4978567361831665,-0.2766599655151367,YJD,True
B19_0978_125062707,20250724,YJD,train,0.7716972231864929,0.49608248472213745,-0.27561473846435547,YJD,True
B20_1320_125080305,20250808,YJD,train,0.6652178168296814,0.6256564855575562,-0.039561331272125244,YJD,True
B20_1321_125080308,20250808,YJD,train,0.6767005324363708,0.6037667393684387,-0.07293379306793213,YJD,True
B20_1342_125080408,20250808,YJD,train,0.6776850819587708,0.6077765822410583,-0.0699084997177124,YJD,True
B20_1359_125080509,20250808,YJD,train,0.661765992641449,0.6104967594146729,-0.05126923322677612,YJD,True
B20_1360_125080512,20250808,YJD,train,0.6633054614067078,0.6160306334495544,-0.04727482795715332,YJD,True
B20_1380_125080608,20250808,RJD,train,0.6358221769332886,0.6378318071365356,0.0020096302032470703,RJD,True
B20_1381_125080611,20250808,YJD,train,0.6424851417541504,0.6372910737991333,-0.00519406795501709,YJD,True
B20_1382_125080614,20250808,YJD,train,0.6424708366394043,0.6375008821487427,-0.004969954490661621,YJD,True
B20_1400_125080703,20250808,RJD,train,0.6409754157066345,0.6287506818771362,-0.012224733829498291,YJD,False
B20_1401_125080717,20250808,RJD,train,0.6412239074707031,0.6350396871566772,-0.006184220314025879,YJD,False
B20_1402_125080706,20250808,YJD,train,0.6511217355728149,0.6317407488822937,-0.01938098669052124,YJD,True
B20_1403_125080709,20250808,YJD,train,0.6504324078559875,0.628629207611084,-0.021803200244903564,YJD,True
B20_1422_125080816,20250808,RJD,train,0.6195666790008545,0.6611847281455994,0.04161804914474487,RJD,True
B20_1423_125080801,20250808,YJD,train,0.6383931636810303,0.6394441723823547,0.0010510087013244629,RJD,False
B20_1424_125080804,20250808,YJD,train,0.6385368704795837,0.6375357508659363,-0.001001119613647461,YJD,True
B20_1434_125080907,20250808,RJD,train,0.6321295499801636,0.6428353190422058,0.010705769062042236,RJD,True
B20_1435_125080910,20250808,YJD,train,0.6374005675315857,0.643298864364624,0.00589829683303833,RJD,False
B20_1447_125081102,20250808,YJD,train,0.624940037727356,0.6687378287315369,0.04379779100418091,RJD,False
B20_1450_125081204,20250808,YJD,train,0.6361080408096313,0.6557685136795044,0.019660472869873047,RJD,False
B21_1468_125081206,20250815,RJD,train,0.6168624758720398,0.6598473787307739,0.04298490285873413,RJD,True
B21_1469_125081207,20250815,RJD,train,0.6131717562675476,0.6684885025024414,0.0553167462348938,RJD,True
B21_1470_125081208,20250815,YJD,train,0.6188565492630005,0.6590557098388672,0.0401991605758667,RJD,False
B21_1471_125081209,20250815,YJD,train,0.6205064654350281,0.6666792631149292,0.04617279767990112,RJD,False
B21_1491_125081311,20250815,RJD,train,0.6034507155418396,0.6890491843223572,0.08559846878051758,RJD,True
B21_1492_125081314,20250815,RJD,train,0.5978288054466248,0.6874232888221741,0.08959448337554932,RJD,True
B21_1493_125081307,20250815,YJD,train,0.6178078055381775,0.6643971800804138,0.04658937454223633,RJD,False
B21_1494_125081309,20250815,YJD,train,0.6146280169487,0.6724852323532104,0.0578572154045105,RJD,False
B21_1514_125081411,20250815,RJD,train,0.6018373966217041,0.678849995136261,0.07701259851455688,RJD,True
B21_1515_125081414,20250815,RJD,train,0.6001507639884949,0.682909369468689,0.08275860548019409,RJD,True
B21_1516_125081406,20250815,YJD,train,0.6100142598152161,0.680021345615387,0.0700070858001709,RJD,False
B21_1517_125081408,20250815,YJD,train,0.6105659604072571,0.6795783638954163,0.06901240348815918,RJD,False
B22_1540_125081510,20250821,RJD,train,0.60556960105896,0.6730126142501831,0.06744301319122314,RJD,True
B22_1541_125081507,20250821,YJD,train,0.6185786724090576,0.6788789629936218,0.06030029058456421,RJD,False
B22_1542_125081508,20250821,YJD,train,0.6105470061302185,0.6928182244300842,0.08227121829986572,RJD,False
B22_1568_125081801,20250821,RJD,train,0.6043125987052917,0.6907212138175964,0.08640861511230469,RJD,True
B22_1569_125081803,20250821,YJD,train,0.6185904145240784,0.6951068043708801,0.07651638984680176,RJD,False
B22_1589_125081901,20250821,YJD,train,0.6057310700416565,0.7180063128471375,0.11227524280548096,RJD,False
B22_1590_125081902,20250821,YJD,train,0.6038558483123779,0.7184614539146423,0.1146056056022644,RJD,False
B22_1607_125082003,20250821,YJD,train,0.6045693159103394,0.7015712261199951,0.09700191020965576,RJD,False
B22_1608_125082005,20250821,YJD,train,0.6056802868843079,0.7194965481758118,0.1138162612915039,RJD,False
B23_1623_125082101,20250828,RJD,train,0.5935717225074768,0.7226908206939697,0.12911909818649292,RJD,True
B23_1624_125082103,20250828,RJD,train,0.5963484644889832,0.7203449606895447,0.12399649620056152,RJD,True
B23_1643_125082201,20250828,YJD,train,0.606813907623291,0.7130337953567505,0.10621988773345947,RJD,False
B23_1644_125082203,20250828,YJD,train,0.6072542071342468,0.7386478781700134,0.1313936710357666,RJD,False
B23_1657_125082302,20250828,RJD,train,0.5933269262313843,0.72775799036026,0.13443106412887573,RJD,True
B23_1658_125082303,20250828,RJD,train,0.5935121178627014,0.7237975597381592,0.13028544187545776,RJD,True
B23_1659_125082304,20250828,YJD,train,0.6067734956741333,0.7196190357208252,0.1128455400466919,RJD,False
B23_1674_125082506,20250828,RJD,train,0.6196235418319702,0.7060980796813965,0.08647453784942627,RJD,True
B23_1675_125082501,20250828,YJD,train,0.6261454224586487,0.723739743232727,0.09759432077407837,RJD,False
B23_1676_125082502,20250828,YJD,train,0.6308426260948181,0.7139295339584351,0.08308690786361694,RJD,False
B23_1692_125082613,20250828,RJD,train,0.6173720359802246,0.7146199345588684,0.0972478985786438,RJD,True
B23_1693_125082601,20250828,YJD,train,0.6327604651451111,0.7165315747261047,0.08377110958099365,RJD,False
B23_1694_125082604,20250828,YJD,train,0.6246072053909302,0.7136962413787842,0.089089035987854,RJD,False
B23_1709_125082704,20250828,YJD,train,0.6218352913856506,0.7311756014823914,0.10934031009674072,RJD,False
B23_1710_125082706,20250828,YJD,train,0.6259381175041199,0.7157647013664246,0.08982658386230469,RJD,False
B24_1726_125082809,20250905,RJD,setting_a,0.7601611614227295,0.8325487971305847,0.07238763570785522,RJD,True
B24_1745_125082901,20250905,RJD,setting_a,0.6220174431800842,0.7963898777961731,0.17437243461608887,RJD,True
B24_1746_125082909,20250905,YJD,setting_a,0.6267921924591064,0.7900000810623169,0.16320788860321045,RJD,False
B24_1747_125082912,20250905,YJD,setting_a,0.6190721392631531,0.7928920984268188,0.17381995916366577,RJD,False
B24_1763_125090104,20250905,RJD,setting_a,0.6057279706001282,0.7837232947349548,0.17799532413482666,RJD,True
B24_1764_125090101,20250905,YJD,setting_a,0.6155931353569031,0.8157487511634827,0.2001556158065796,RJD,False
B24_1777_125090224,20250905,RJD,setting_a,0.6241268515586853,0.8050437569618225,0.1809169054031372,RJD,True
B24_1778_125090225,20250905,RJD,setting_a,0.6116510033607483,0.803706169128418,0.19205516576766968,RJD,True
B24_1779_125090226,20250905,RJD,setting_a,0.6216956973075867,0.8029121160507202,0.18121641874313354,RJD,True
B24_1780_125090221,20250905,YJD,setting_a,0.6125950813293457,0.8029145002365112,0.19031941890716553,RJD,False
B24_1781_125090222,20250905,YJD,setting_a,0.6236861944198608,0.8148415684700012,0.19115537405014038,RJD,False
B24_1782_125090223,20250905,YJD,setting_a,0.6173243522644043,0.8195189237594604,0.20219457149505615,RJD,False
B24_1800_125090318,20250905,RJD,setting_a,0.6204795241355896,0.816604495048523,0.19612497091293335,RJD,True
B24_1820_125090401,20250905,RJD,setting_a,0.6171233654022217,0.8215116262435913,0.20438826084136963,RJD,True
B24_1821_125090416,20250905,RJD,setting_a,0.6184780597686768,0.8323573470115662,0.2138792872428894,RJD,True
B24_1821_125090510,20250905,YJD,setting_a,0.6260477304458618,0.793768048286438,0.16772031784057617,RJD,False
B24_1822_125090417,20250905,RJD,setting_a,0.6166895031929016,0.8288390636444092,0.21214956045150757,RJD,True
B24_1823_125090413,20250905,YJD,setting_a,0.6086359620094299,0.8114871978759766,0.20285123586654663,RJD,False
B24_1854_125090513,20250905,RJD,setting_a,0.6228694319725037,0.7901666164398193,0.16729718446731567,RJD,True
B24_1855_125090516,20250905,RJD,setting_a,0.620572566986084,0.7888686656951904,0.16829609870910645,RJD,True
B24_1856_125090507,20250905,YJD,setting_a,0.6247283220291138,0.7880371809005737,0.16330885887145996,RJD,False
B24_1872_125090612,20250905,YJD,setting_a,0.6141438484191895,0.8283255100250244,0.21418166160583496,RJD,False
B24_1873_125090614,20250905,YJD,setting_a,0.6156682968139648,0.8277677297592163,0.21209943294525146,RJD,False
B25_1889_125090804,20250912,RJD,setting_a,0.6243203282356262,0.7914140820503235,0.16709375381469727,RJD,True
B25_1890_125090811,20250912,RJD,setting_a,0.620952844619751,0.8048266172409058,0.18387377262115479,RJD,True
B25_1906_125090913,20250912,RJD,setting_a,0.6208792924880981,0.8085812330245972,0.18770194053649902,RJD,True
B25_1907_125090916,20250912,RJD,setting_a,0.6179918646812439,0.8016859292984009,0.18369406461715698,RJD,True
B25_1908_125090907,20250912,YJD,setting_a,0.6227359771728516,0.8059119582176208,0.1831759810447693,RJD,False
B25_1909_125090910,20250912,YJD,setting_a,0.6201267838478088,0.8224077820777893,0.20228099822998047,RJD,False
B25_1927_125091014,20250912,RJD,setting_a,0.6181730031967163,0.8269785642623901,0.20880556106567383,RJD,True
B25_1928_125091017,20250912,YJD,setting_a,0.6154751181602478,0.8166753649711609,0.20120024681091309,RJD,False
B25_1944_125091102,20250912,RJD,setting_a,0.6191303730010986,0.814386248588562,0.19525587558746338,RJD,True
B25_1945_125091115,20250912,RJD,setting_a,0.6165805459022522,0.818255603313446,0.20167505741119385,RJD,True
B25_1946_125091101,20250912,YJD,setting_a,0.6126204133033752,0.8145521283149719,0.20193171501159668,RJD,False
B25_1947_125091111,20250912,YJD,setting_a,0.6184508800506592,0.8191742897033691,0.20072340965270996,RJD,False
B25_1948_125091112,20250912,YJD,setting_a,0.6152414679527283,0.8297066688537598,0.2144652009010315,RJD,False
B26_1963_125091201,20250920,RJD,setting_a,0.6104580760002136,0.8472331762313843,0.23677510023117065,RJD,True
B26_1964_125091208,20250920,RJD,setting_a,0.6139199137687683,0.8364136219024658,0.2224937081336975,RJD,True
B26_1965_125091211,20250920,RJD,setting_a,0.6125797629356384,0.8436444401741028,0.23106467723846436,RJD,True
B26_1966_125091213,20250920,RJD,setting_a,0.6128493547439575,0.8336211442947388,0.22077178955078125,RJD,True
B26_1967_125091202,20250920,YJD,setting_a,0.6079161167144775,0.8435247540473938,0.23560863733291626,RJD,False
B26_1968_125091205,20250920,YJD,setting_a,0.6071849465370178,0.8330559730529785,0.2258710265159607,RJD,False
B26_1969_125091215,20250920,YJD,setting_a,0.6094747185707092,0.833965539932251,0.22449082136154175,RJD,False
B26_1985_125091502,20250920,RJD,setting_a,0.6149920225143433,0.8465298414230347,0.2315378189086914,RJD,True
B26_1986_125091501,20250920,YJD,setting_a,0.6084234118461609,0.8421590924263,0.23373568058013916,RJD,False
B26_2003_125091605,20250920,RJD,setting_a,0.6070212125778198,0.8567254543304443,0.2497042417526245,RJD,True
B26_2004_125091607,20250920,RJD,setting_a,0.6058853268623352,0.8444435000419617,0.23855817317962646,RJD,True
B26_2005_125091610,20250920,RJD,setting_a,0.6093977689743042,0.8551695942878723,0.24577182531356812,RJD,True
B26_2006_125091613,20250920,YJD,setting_a,0.612916886806488,0.8471246361732483,0.23420774936676025,RJD,False
B26_2021_125091714,20250920,RJD,setting_a,0.6041356325149536,0.852388322353363,0.24825268983840942,RJD,True
B26_2023_125091702,20250920,YJD,setting_a,0.6092756390571594,0.8543024063110352,0.24502676725387573,RJD,False
B26_2024_125091705,20250920,YJD,setting_a,0.7197664380073547,0.8769357204437256,0.15716928243637085,RJD,False
B26_2039_125091802,20250920,RJD,setting_a,0.6101406812667847,0.8598811626434326,0.24974048137664795,RJD,True
B26_2040_125091815,20250920,RJD,setting_a,0.6092529296875,0.8570451736450195,0.24779224395751953,RJD,True
B26_2041_125091820,20250920,RJD,setting_a,0.6093716025352478,0.8558698296546936,0.2464982271194458,RJD,True
B26_2043_125091809,20250920,YJD,setting_a,0.6162915825843811,0.8639346957206726,0.2476431131362915,RJD,False
B26_2044_125091812,20250920,YJD,setting_a,0.6095593571662903,0.8612232208251953,0.25166386365890503,RJD,False
B26_2060_125091902,20250920,RJD,setting_a,0.6022140383720398,0.8668151497840881,0.26460111141204834,RJD,True
B26_2062_125091914,20250920,YJD,setting_a,0.6031804084777832,0.8651835322380066,0.2620031237602234,RJD,False
B26_2063_125091919,20250920,YJD,setting_a,0.6028900146484375,0.8687258958816528,0.26583588123321533,RJD,False
B26_2077_125092005,20250920,RJD,setting_a,0.6026532649993896,0.8647869825363159,0.26213371753692627,RJD,True
B26_2078_125092008,20250920,RJD,setting_a,0.5971262454986572,0.8660895824432373,0.2689633369445801,RJD,True
B26_2079_125092011,20250920,RJD,setting_a,0.6021562814712524,0.8644855618476868,0.2623292803764343,RJD,True
B26_2080_125092002,20250920,YJD,setting_a,0.6012683510780334,0.8762525916099548,0.2749842405319214,RJD,False
B26_2081_125092014,20250920,YJD,setting_a,0.6054221987724304,0.8669483661651611,0.2615261673927307,RJD,False
B26_2098_125092202,20250920,YJD,setting_a,0.6072479486465454,0.8801852464675903,0.2729372978210449,RJD,False
B27_2113_125092313,20250926,RJD,val,0.6098458766937256,0.888006865978241,0.2781609892845154,RJD,True
B27_2115_125092305,20250926,YJD,val,0.598275899887085,0.8745215535163879,0.276245653629303,RJD,False
B27_2116_125092308,20250926,YJD,val,0.5971360206604004,0.8825271129608154,0.28539109230041504,RJD,False
B27_2130_125092401,20250926,RJD,val,0.6062961220741272,0.8908121585845947,0.28451603651046753,RJD,True
B27_2131_125092403,20250926,RJD,val,0.6025871634483337,0.8870438933372498,0.284456729888916,RJD,True
B27_2132_125092406,20250926,RJD,val,0.6017508506774902,0.8870015740394592,0.285250723361969,RJD,True
B27_2133_125092416,20250926,RJD,val,0.6050420999526978,0.8906261920928955,0.28558409214019775,RJD,True
B27_2135_125092409,20250926,YJD,val,0.6021183729171753,0.8893827795982361,0.2872644066810608,RJD,False
B27_2136_125092412,20250926,YJD,val,0.599443793296814,0.8864737153053284,0.2870299220085144,RJD,False
B29_0192_425120401,20260306,YJD,val,0.6128082275390625,0.9742962121963501,0.3614879846572876,RJD,False
B29_0236_125121101,20260306,YJD,val,0.6012969613075256,0.9702478647232056,0.36895090341567993,RJD,False
B29_0237_125121009,20260306,YJD,val,0.6032475829124451,0.9700618982315063,0.3668143153190613,RJD,False
B29_0238_125121119,20260306,YJD,val,0.6048805117607117,0.9741302132606506,0.36924970149993896,RJD,False
B29_0239_425121002,20260306,YJD,val,0.6014500260353088,0.9693629145622253,0.3679128885269165,RJD,False
B29_0240_125121701,20260306,YJD,val,0.600193202495575,0.9690489172935486,0.36885571479797363,RJD,False
B29_0241_125121203,20260306,YJD,val,0.6000287532806396,0.9692119359970093,0.36918318271636963,RJD,False
B29_0242_125121210,20260306,YJD,val,0.5987247824668884,0.9685251712799072,0.3698003888130188,RJD,False
B29_0243_125121207,20260306,YJD,val,0.6048796772956848,0.9725767374038696,0.3676970601081848,RJD,False
B29_0244_125121704,20260306,YJD,val,0.606961190700531,0.9736499190330505,0.36668872833251953,RJD,False
B29_0245_125121103,20260306,YJD,val,0.6056762337684631,0.9745997190475464,0.36892348527908325,RJD,False
B29_0246_425120402,20260306,YJD,val,0.6052590012550354,0.9738262295722961,0.36856722831726074,RJD,False
B29_0247_125121501,20260306,YJD,val,0.6056528091430664,0.9725918769836426,0.36693906784057617,RJD,False
B29_0248_125120907,20260306,YJD,val,0.6024355292320251,0.9714443683624268,0.3690088391304016,RJD,False
B29_0249_125121504,20260306,YJD,val,0.5996782779693604,0.9694732427597046,0.36979496479034424,RJD,False
B29_0250_125102106,20260306,YJD,val,0.6051726937294006,0.9724412560462952,0.36726856231689453,RJD,False
B29_0251_125100810,20260306,YJD,val,0.597895622253418,0.9683212637901306,0.37042564153671265,RJD,False
B29_0252_125102201,20260306,YJD,val,0.6037970781326294,0.9718267917633057,0.36802971363067627,RJD,False
B29_0253_125102410,20260306,YJD,val,0.6050129532814026,0.9744632840156555,0.36945033073425293,RJD,False
B29_0254_125102306,20260306,YJD,val,0.6026602983474731,0.9702373147010803,0.3675770163536072,RJD,False
B29_0255_125102407,20260306,YJD,val,0.6013846397399902,0.9727242588996887,0.3713396191596985,RJD,False
B29_0256_125102807,20260306,YJD,val,0.6020432710647583,0.9718841314315796,0.3698408603668213,RJD,False
B29_0257_425101002,20260306,YJD,val,0.6035609841346741,0.9714975357055664,0.36793655157089233,RJD,False
B29_0258_125101609,20260306,YJD,val,0.6051737070083618,0.9735861420631409,0.36841243505477905,RJD,False
B29_0259_125100907,20260306,YJD,val,0.603080689907074,0.9723057746887207,0.36922508478164673,RJD,False
B29_0260_125102413,20260306,YJD,val,0.5934592485427856,0.9638437032699585,0.37038445472717285,RJD,False
B29_0261_125102811,20260306,YJD,val,0.5957820415496826,0.9648366570472717,0.3690546154975891,RJD,False
B29_0262_125100910,20260306,YJD,val,0.5909514427185059,0.9594168663024902,0.3684654235839844,RJD,False
B29_0263_125101406,20260306,YJD,val,0.5985997319221497,0.9681586623191833,0.3695589303970337,RJD,False
B29_0264_125102809,20260306,YJD,val,0.6064797639846802,0.9741404056549072,0.36766064167022705,RJD,False
B29_0265_125120901,20260306,YJD,val,0.606182336807251,0.974599301815033,0.368416965007782,RJD,False
B29_0266_125120906,20260306,YJD,val,0.6063947677612305,0.9764448404312134,0.3700500726699829,RJD,False
B29_0267_125120903,20260306,YJD,val,0.6044878959655762,0.9736440777778625,0.3691561818122864,RJD,False
B29_0268_125120208,20260306,YJD,val,0.6094793081283569,0.9730895757675171,0.36361026763916016,RJD,False
B29_0269_125120211,20260306,YJD,val,0.608859658241272,0.9735109210014343,0.36465126276016235,RJD,False
B29_0270_125120212,20260306,YJD,val,0.6082733869552612,0.9725448489189148,0.36427146196365356,RJD,False
B29_0271_125120511,20260306,YJD,val,0.6054733991622925,0.9757802486419678,0.3703068494796753,RJD,False
B29_0272_125120321,20260306,YJD,val,0.6070827841758728,0.9772140979766846,0.37013131380081177,RJD,False
B29_0273_125120322,20260306,YJD,val,0.613074541091919,0.9794935584068298,0.3664190173149109,RJD,False
B29_0274_125100813,20260306,YJD,val,0.6035770773887634,0.9751853346824646,0.37160825729370117,RJD,False
B29_0275_125101403,20260306,YJD,val,0.606441080570221,0.9761431217193604,0.3697020411491394,RJD,False
B29_0276_125120322,20260306,YJD,val,0.6073433756828308,0.9764968156814575,0.3691534399986267,RJD,False
B29_0277_125101529,20260306,YJD,val,0.6027917861938477,0.9738481044769287,0.37105631828308105,RJD,False
B29_0278_125101506,20260306,YJD,val,0.6166291236877441,0.9810688495635986,0.3644397258758545,RJD,False
B29_0279_125102103,20260306,YJD,val,0.6095699071884155,0.9784345626831055,0.36886465549468994,RJD,False
B29_0280_125102404,20260306,YJD,val,0.6091870665550232,0.9802467226982117,0.3710596561431885,RJD,False
B29_0281_125102405,20260306,YJD,val,0.6137858629226685,0.9733474254608154,0.359561562538147,RJD,False
B29_0282_125101512,20260306,YJD,val,0.6085137128829956,0.9794080257415771,0.37089431285858154,RJD,False
B29_0283_125102018,20260306,YJD,val,0.6090893149375916,0.9746774435043335,0.36558812856674194,RJD,False
B29_0284_125101114,20260306,YJD,val,0.6043543219566345,0.9758777022361755,0.371523380279541,RJD,False
B29_0285_125102004,20260306,YJD,val,0.6082515120506287,0.9745992422103882,0.3663477301597595,RJD,False
B29_0286_125102001,20260306,YJD,val,0.614052414894104,0.9801293015480042,0.36607688665390015,RJD,False
B29_0287_125102202,20260306,YJD,val,0.605429470539093,0.9761347770690918,0.3707053065299988,RJD,False
B29_0288_125102115,20260306,YJD,val,0.6120719313621521,0.9814730286598206,0.36940109729766846,RJD,False
B29_0289_125102109,20260306,YJD,val,0.609001636505127,0.9789108037948608,0.3699091672897339,RJD,False
B29_0290_125101717,20260306,YJD,val,0.6072908639907837,0.9745551943778992,0.3672643303871155,RJD,False
B29_0291_125102112,20260306,YJD,val,0.6193537712097168,0.9766365885734558,0.357282817363739,RJD,False
B29_0292_125101301,20260306,YJD,val,0.6051697731018066,0.9751634001731873,0.3699936270713806,RJD,False
B29_0293_125101606,20260306,YJD,val,0.6034464836120605,0.9721624851226807,0.3687160015106201,RJD,False
B29_0294_125101409,20260306,YJD,val,0.6017207503318787,0.9732168912887573,0.37149614095687866,RJD,False
B29_0295_125102309,20260306,YJD,val,0.611487627029419,0.983879566192627,0.372391939163208,RJD,False
B29_0296_125102301,20260306,YJD,val,0.614397406578064,0.9872635006904602,0.37286609411239624,RJD,False
B29_0309_125100918,20260306,RJD,val,0.7246149778366089,1.06466805934906,0.34005308151245117,RJD,True
B29_0310_125100901,20260306,RJD,val,0.7108020186424255,1.0556752681732178,0.34487324953079224,RJD,True
B29_0311_125100904,20260306,RJD,val,1.1716980934143066,1.23849618434906,0.06679809093475342,RJD,True
B29_0312_125101003,20260306,RJD,val,0.7295713424682617,1.072309136390686,0.3427377939224243,RJD,True
B29_0313_125101010,20260306,RJD,val,0.6146595478057861,0.9760527014732361,0.36139315366744995,RJD,True
B29_0314_125100703,20260306,RJD,val,0.6109343767166138,0.9757451415061951,0.3648107647895813,RJD,True
B29_0315_125100803,20260306,RJD,val,0.6016532182693481,0.9693361520767212,0.36768293380737305,RJD,True
B29_0316_125101108,20260306,RJD,val,0.6080503463745117,0.9769881963729858,0.3689378499984741,RJD,True
B30_0317_125100818,20260313,RJD,train,0.6262601017951965,0.9800775051116943,0.3538174033164978,RJD,True
B30_0318_125101417,20260313,RJD,train,0.577881395816803,0.9583914279937744,0.38051003217697144,RJD,True
B30_0319_125101001,20260313,RJD,train,0.5872418284416199,0.9667525291442871,0.37951070070266724,RJD,True
B30_0320_425101001,20260313,RJD,train,0.5899672508239746,0.9674860239028931,0.37751877307891846,RJD,True
B30_0321_125101503,20260313,RJD,train,0.5907608270645142,0.9701144695281982,0.3793536424636841,RJD,True
B30_0322_125101105,20260313,RJD,train,0.5890059471130371,0.968170166015625,0.3791642189025879,RJD,True
B30_0323_125101111,20260313,RJD,train,0.5965437889099121,0.9774718880653381,0.380928099155426,RJD,True
B30_0325_125110714,20260313,RJD,train,0.5984684824943542,0.9731757044792175,0.3747072219848633,RJD,True
B30_0326_125110716,20260313,RJD,train,0.6041982173919678,0.9811818599700928,0.376983642578125,RJD,True
B30_0327_125111809,20260313,RJD,train,0.6010740995407104,0.9761281609535217,0.3750540614128113,RJD,True
B30_0328_125101710,20260313,RJD,train,0.5966599583625793,0.97621089220047,0.3795509338378906,RJD,True
B30_0329_125101615,20260313,RJD,train,0.6028375625610352,0.978969395160675,0.3761318325996399,RJD,True
B30_0330_125101603,20260313,RJD,train,0.5928213000297546,0.9720516204833984,0.3792303204536438,RJD,True
B30_0331_425103101,20260313,RJD,train,0.5998647809028625,0.9787631630897522,0.37889838218688965,RJD,True
B30_0332_425103102,20260313,RJD,train,0.5944377183914185,0.9737508893013,0.3793131709098816,RJD,True
B30_0333_125101707,20260313,RJD,train,0.5950785279273987,0.9721730947494507,0.377094566822052,RJD,True
B30_0334_125102205,20260313,RJD,train,0.5908692479133606,0.9722179770469666,0.38134872913360596,RJD,True
B30_0335_125101707,20260313,RJD,train,0.5959463119506836,0.9754830598831177,0.3795367479324341,RJD,True
B30_0336_125102303,20260313,RJD,train,0.5921294093132019,0.9729242920875549,0.380794882774353,RJD,True
B30_0337_125101616,20260313,RJD,train,0.5923082828521729,0.9695515632629395,0.3772432804107666,RJD,True
